<?xml version="1.0" encoding="UTF-8"?>
<menu>
  <entrantes>
    <plato tipo="entrante">
      <tipo>entrante</tipo>
      <nombre>Edamame</nombre>
      <precio>4.00</precio>
      <descripcion>Vainas de soja al vapor y sal gruesa.</descripcion>
      <calorias>110</calorias>
      <caracteristicas>
        <item>vegano</item>
        <item>sin gluten</item>
      </caracteristicas>
      <atributos>
        <item>vegano</item>
        <item>sin gluten</item>
      </atributos>
    </plato>
    <plato tipo="entrante">
      <tipo>entrante</tipo>
      <nombre>Gyoza</nombre>
      <precio>6.50</precio>
      <descripcion>Empanadillas japonesas de cerdo y verduras.</descripcion>
      <calorias>250</calorias>
      <caracteristicas>
        <item>carne</item>
        <item>frito</item>
      </caracteristicas>
      <atributos>
        <item>carne</item>
        <item>frito</item>
      </atributos>
    </plato>
    <plato tipo="entrante">
      <tipo>entrante</tipo>
      <nombre>Takoyaki</nombre>
      <precio>5.00</precio>
      <descripcion>Bolas de pulpo con salsa takoyaki y alga nori.</descripcion>
      <calorias>300</calorias>
      <caracteristicas>
        <item>marisco</item>
        <item>destacado</item>
      </caracteristicas>
      <atributos>
        <item>marisco</item>
        <item>destacado</item>
      </atributos>
    </plato>
    <plato tipo="entrante">
      <tipo>entrante</tipo>
      <nombre>Tempura de Verduras</nombre>
      <precio>7.00</precio>
      <descripcion>Verduras rebozadas y fritas al estilo japonés.</descripcion>
      <calorias>280</calorias>
      <caracteristicas>
        <item>vegetariano</item>
        <item>frito</item>
      </caracteristicas>
      <atributos>
        <item>vegetariano</item>
        <item>frito</item>
      </atributos>
    </plato>
    <plato tipo="entrante">
      <tipo>entrante</tipo>
      <nombre>Miso Soup</nombre>
      <precio>3.50</precio>
      <descripcion>Sopa tradicional de miso con tofu y wakame.</descripcion>
      <calorias>70</calorias>
      <caracteristicas>
        <item>vegano</item>
        <item>sin gluten</item>
      </caracteristicas>
      <atributos>
        <item>vegano</item>
        <item>sin gluten</item>
      </atributos>
    </plato>
  </entrantes>

  <principales>
    <plato tipo="principal">
      <tipo>principal</tipo>
      <nombre>Ramen Tonkotsu</nombre>
      <precio>12.00</precio>
      <descripcion>Fideos en caldo cremoso de cerdo con huevo.</descripcion>
      <calorias>650</calorias>
      <caracteristicas>
        <item>carne</item>
        <item>destacado</item>
      </caracteristicas>
      <atributos>
        <item>carne</item>
        <item>destacado</item>
      </atributos>
    </plato>
    <plato tipo="principal">
      <tipo>principal</tipo>
      <nombre>Udon con Tempura</nombre>
      <precio>11.00</precio>
      <descripcion>Fideos udon en caldo con tempura de gambas.</descripcion>
      <calorias>600</calorias>
      <caracteristicas>
        <item>marisco</item>
        <item>frito</item>
      </caracteristicas>
      <atributos>
        <item>marisco</item>
        <item>frito</item>
      </atributos>
    </plato>
    <plato tipo="principal">
      <tipo>principal</tipo>
      <nombre>Sukiyaki</nombre>
      <precio>14.00</precio>
      <descripcion>Estofado de ternera con verduras y tofu.</descripcion>
      <calorias>550</calorias>
      <caracteristicas>
        <item>carne</item>
        <item>destacado</item>
      </caracteristicas>
      <atributos>
        <item>carne</item>
        <item>destacado</item>
      </atributos>
    </plato>
    <plato tipo="principal">
      <tipo>principal</tipo>
      <nombre>Donburi de Pollo</nombre>
      <precio>10.50</precio>
      <descripcion>Arroz con pollo teriyaki y huevo.</descripcion>
      <calorias>520</calorias>
      <caracteristicas>
        <item>carne</item>
        <item>sin gluten</item>
      </caracteristicas>
      <atributos>
        <item>carne</item>
        <item>sin gluten</item>
      </atributos>
    </plato>
    <plato tipo="principal">
      <tipo>principal</tipo>
      <nombre>Curry Japonés</nombre>
      <precio>9.50</precio>
      <descripcion>Curry suave con verduras y arroz.</descripcion>
      <calorias>600</calorias>
      <caracteristicas>
        <item>vegetariano</item>
      </caracteristicas>
      <atributos>
        <item>vegetariano</item>
      </atributos>
    </plato>
  </principales>

  <sushi>
    <plato tipo="principal">
      <tipo>principal</tipo>
      <nombre>Sushi Maki de Salmón</nombre>
      <precio>8.00</precio>
      <descripcion>8 piezas de rollo de salmón fresco.</descripcion>
      <calorias>400</calorias>
      <caracteristicas>
        <item>marisco</item>
        <item>sin gluten</item>
      </caracteristicas>
      <atributos>
        <item>marisco</item>
        <item>sin gluten</item>
      </atributos>
    </plato>
    <plato tipo="principal">
      <tipo>principal</tipo>
      <nombre>Nigiri Variado</nombre>
      <precio>10.00</precio>
      <descripcion>6 piezas surtidas de nigiri.</descripcion>
      <calorias>350</calorias>
      <caracteristicas>
        <item>marisco</item>
        <item>destacado</item>
      </caracteristicas>
      <atributos>
        <item>marisco</item>
        <item>destacado</item>
      </atributos>
    </plato>
    <plato tipo="principal">
      <tipo>principal</tipo>
      <nombre>Sashimi de Atún</nombre>
      <precio>12.50</precio>
      <descripcion>6 cortes finos de atún rojo.</descripcion>
      <calorias>300</calorias>
      <caracteristicas>
        <item>marisco</item>
      </caracteristicas>
      <atributos>
        <item>marisco</item>
      </atributos>
    </plato>
  </sushi>

  <postres>
    <plato tipo="postre">
      <tipo>postre</tipo>
      <nombre>Mochi Helado</nombre>
      <precio>4.50</precio>
      <descripcion>Bolas de mochi rellenas de helado.</descripcion>
      <calorias>200</calorias>
      <caracteristicas>
        <item>vegano</item>
      </caracteristicas>
      <atributos>
        <item>vegano</item>
      </atributos>
    </plato>
    <plato tipo="postre">
      <tipo>postre</tipo>
      <nombre>Dorayaki</nombre>
      <precio>3.00</precio>
      <descripcion>Panqueques rellenos de pasta de azuki.</descripcion>
      <calorias>250</calorias>
      <caracteristicas>
        <item>vegetariano</item>
      </caracteristicas>
      <atributos>
        <item>vegetariano</item>
      </atributos>
    </plato>
    <plato tipo="postre">
      <tipo>postre</tipo>
      <nombre>Helado de Matcha</nombre>
      <precio>4.00</precio>
      <descripcion>Helado tradicional de té verde.</descripcion>
      <calorias>180</calorias>
      <caracteristicas>
        <item>vegano</item>
      </caracteristicas>
      <atributos>
        <item>vegano</item>
      </atributos>
    </plato>
  </postres>

  <bebidas>
    <plato tipo="bebida">
      <tipo>bebida</tipo>
      <nombre>Sake Caliente</nombre>
      <precio>5.00</precio>
      <descripcion>Bebida alcohólica de arroz.</descripcion>
      <calorias>100</calorias>
      <caracteristicas>
        <item>destacado</item>
      </caracteristicas>
      <atributos>
        <item>destacado</item>
      </atributos>
    </plato>
    <plato tipo="bebida">
      <tipo>bebida</tipo>
      <nombre>Té Verde</nombre>
      <precio>2.50</precio>
      <descripcion>Té japonés ceremonial.</descripcion>
      <calorias>0</calorias>
      <caracteristicas>
        <item>vegano</item>
        <item>sin gluten</item>
      </caracteristicas>
      <atributos>
        <item>vegano</item>
        <item>sin gluten</item>
      </atributos>
    </plato>
  </bebidas>
</menu>
